candidate,preference1,preference2,preference3,preference4
Munroe,9,88,36,18
Shepherd,78,31,90,99
Vonni,5,1,30,87
Steward,54,4,36,2
Hollie,73,8,63,14
Darby,41,55,65,20
Thorndike,69,16,34,27
Shawn,37,22,83,93
Tuck,43,70,35,57
Debora,49,39,45,62
Rockwell,40,54,68,28
Lennie,69,13,17,64
Fredrika,94,65,9,23
Kip,46,75,81,53
Mill,13,27,78,40
Natala,31,6,6,25
Nico,16,87,69,67
Ofelia,3,41,22,99
Moritz,30,92,53,24
Pat,35,29,14,38
Byrann,86,66,37,76
Joye,76,15,14,67
Lesly,73,88,88,16
Timmie,46,62,99,83
Giffer,89,53,12,73
Freddy,64,19,90,85
Rockwell,96,6,42,29
Siffre,78,80,36,27
Reena,14,47,37,66
Brandon,10,59,100,93
Idelle,100,22,46,41
Pattie,72,91,35,62
Aggi,61,86,39,88
Griffith,92,63,41,24
Emmy,40,94,80,60
Teddy,10,64,77,52
Tarra,24,42,67,33
Willi,12,47,11,49
Ginnie,8,35,57,47
Honoria,39,86,96,58
Damaris,13,89,68,93
Fredek,44,45,86,87
Deck,56,28,40,100
Marybeth,41,29,69,84
Debera,23,28,80,19
Rutter,73,78,31,39
Fairlie,4,89,11,16
Winna,31,68,20,54
Jobie,44,8,7,54
Carie,43,82,44,57
Maurine,2,77,92,11
Claire,57,97,21,31
Gayle,85,32,49,63
Sanford,66,52,50,44
Easter,10,51,42,16
Miner,85,40,27,33
Rudolfo,56,40,18,44
Nikolas,53,73,33,98
Gustie,27,49,32,35
Bess,7,36,40,22
Gardiner,25,20,16,28
Katuscha,42,79,26,98
Dode,65,46,38,20
Lockwood,53,70,52,66
Blinny,19,4,24,6
Jerrome,35,91,86,61
Josias,37,44,10,30
Baudoin,44,54,4,82
Mollie,69,25,18,64
Faunie,15,28,44,97
Margery,19,52,49,42
Ravi,60,3,1,23
Glenna,46,2,40,36
Nat,17,23,83,79
Mia,20,35,26,23
Carolina,70,15,81,15
Milzie,14,35,39,58
Whitney,72,78,57,39
Thomasin,24,93,11,13
Codie,38,9,88,36
Nefen,24,96,54,40
Shela,65,39,55,36
Glenda,96,54,33,56
Karilynn,7,49,27,73
Bunni,64,1,86,56
Lammond,64,54,99,87
Aguistin,50,29,17,74
Elicia,75,44,84,59
Jewel,67,74,44,91
Elihu,85,36,47,17
Silvana,18,90,59,68
Kylila,73,86,72,90
Clemmy,67,83,60,93
Sharl,97,44,19,17
Daveen,17,22,40,62
Harris,77,19,14,60
Pat,18,79,81,19
Lewie,98,7,97,80
Mabelle,23,93,95,9
Haslett,88,52,67,78
Angela,88,90,84,32
Alessandra,67,24,88,78
Stesha,76,59,15,96
Lars,85,33,26,94
Helli,27,100,18,88
Charlotta,81,2,49,51
Horst,4,31,17,44
Saunders,30,32,27,56
Olivero,50,86,7,45
Lorrin,7,4,47,38
Shellysheldon,27,19,91,56
Alex,60,35,2,79
Corey,17,30,81,31
Melina,50,24,33,97
Berny,73,10,17,52
Worth,1,62,44,88
Gauthier,85,10,36,49
Benyamin,32,31,29,16
Angie,8,57,13,65
Markos,88,3,42,9
Antonin,81,51,45,77
Devondra,67,72,49,30
Trstram,16,62,69,61
Nevin,99,5,5,50
Pammy,57,52,54,2
Cesya,50,52,10,85
Karel,4,65,5,43
Standford,20,50,64,3
Juliann,24,78,2,98
Bary,43,63,88,7
Cherilynn,75,95,73,28
Beret,67,67,94,88
Stanly,79,39,11,100
Drucie,3,51,26,60
Deana,74,3,33,55
Theobald,24,69,75,94
Amery,13,90,87,44
Ambur,46,41,18,74
Emmalynn,34,37,28,68
Georgy,71,55,24,83
Olivia,35,16,51,42
Tomkin,92,25,57,69
Waring,82,41,52,65
Wilie,39,42,87,73
Joyce,35,91,48,63
Hiram,77,15,32,79
Bailey,10,87,84,39
Minor,12,20,73,3
Bibbie,59,34,37,4
Jordain,77,33,94,13
Lilian,64,19,6,69
Millicent,58,97,30,20
Kelly,75,64,67,26
Lexine,49,73,22,91
Nicki,41,2,39,65
Benyamin,12,26,33,89
Merrili,92,74,67,54
Neale,22,59,52,67
Matty,37,75,19,39
Tera,78,11,40,86
Trevor,98,20,84,37
Danika,49,91,29,24
Murry,8,89,33,40
Ruthie,98,65,23,32
Ginny,20,5,51,37
Marcille,82,5,24,69
Hayyim,69,64,89,92
Giorgia,10,78,23,39
Eyde,69,38,33,34
Jacki,39,56,100,55
Sonny,40,66,77,88
Devonne,86,49,90,72
Kenny,42,84,91,46
Jannelle,7,14,1,88
Cherie,95,56,39,19
Yvette,76,41,83,42
Missie,25,48,30,31
Bernie,56,75,12,45
Hi,14,24,33,58
Amberly,92,63,44,89
Feliza,87,96,86,26
Billy,13,48,80,25
Jesselyn,87,52,31,44
Katlin,3,58,95,89
Mariquilla,92,93,92,42
Georgeanne,3,70,94,35
Heather,100,91,58,68
Stephie,47,53,80,79
Jacintha,28,50,89,2
Alric,45,43,74,38
Henryetta,66,70,60,75
Haily,99,22,35,5
Butch,13,16,42,96
Celeste,52,48,7,10
Lorie,14,6,43,45
Christian,74,87,83,7
Humfrid,34,46,36,63
Tiffi,1,11,78,16
Avril,22,43,87,89
Gladys,75,68,4,70
Jack,9,55,54,74
Patsy,52,98,21,93
Anselm,19,97,92,73
Greggory,82,44,59,75
Moe,89,40,55,43
Maude,81,56,89,41
Keenan,60,8,64,67
Bordie,51,49,80,92
Karol,28,42,79,87
Sasha,30,51,9,63
Vania,81,79,14,100
Nike,13,88,64,97
Eugenie,32,56,64,32
Nessa,68,67,83,47
Rosmunda,14,44,38,6
Silvanus,43,57,97,78
Eleanor,66,7,31,46
Vlad,72,94,24,1
Guido,58,3,75,22
Lutero,84,23,17,89
Kara,11,88,40,57
Ermentrude,17,92,79,88
Betty,92,8,7,59
Ariel,27,30,85,27
Juline,81,74,1,79
Diann,95,76,23,95
Lilla,74,62,81,22
Vanna,58,28,86,75
Kellsie,44,72,48,17
Florenza,31,55,50,40
Brennen,8,96,46,20
Alan,60,11,6,44
Florette,70,64,3,100
Nanni,77,37,30,12
Cooper,96,70,24,96
Tonye,16,40,65,2
Towny,16,31,50,30
Monti,56,13,73,9
Ketti,49,11,41,63
Nara,68,67,88,66
Jackqueline,16,22,62,79
Quinn,62,85,81,3
Micky,2,78,93,62
Rhianon,65,4,52,74
Homer,55,76,40,39
Nedda,96,31,87,11
Ernesta,92,55,20,97
Osmund,42,8,76,55
Wendall,74,18,55,95
Bertine,40,20,82,87
Julianna,81,23,63,5
Hannie,34,17,81,35
Massimiliano,63,75,19,63
Sofie,33,17,40,100
Debbie,57,43,79,64
Jermaine,26,14,51,66
Elvin,7,91,72,48
Timothee,69,14,55,43
Cullan,81,95,62,57
Minetta,71,25,72,41
Lynda,59,36,2,74
Catha,55,77,51,32
Karly,2,57,39,95
Ede,53,75,77,62
Gordy,35,43,30,22
Sara-ann,78,21,55,26
Kyrstin,70,34,37,78
Odetta,99,75,42,38
Ginnifer,60,3,47,51
Herminia,54,52,81,16
Rey,32,78,100,81
Katee,97,28,94,85
Sauveur,38,39,100,69
Barris,41,9,82,59
Aubry,64,13,23,1
Risa,56,81,31,98
Shelba,20,85,88,29
Juliane,45,76,14,100
Rolando,100,14,99,58
Jazmin,67,90,36,21
Hadleigh,58,7,27,95
Annabell,47,2,91,30
Lusa,31,22,68,75
Nannette,87,4,43,22
Roby,67,50,32,98
Rasia,43,80,58,74
Winifield,35,6,5,74
Walker,3,74,32,7
Derwin,94,17,81,60
Harbert,12,82,59,10
Peri,54,13,36,75
Emlyn,13,93,93,93
Manon,82,74,81,13
Nannette,92,65,69,20
Care,94,97,22,9
Holly-anne,96,77,83,35
Patty,84,33,15,29
Perl,20,61,58,26
Zenia,48,10,44,89
Guy,6,65,18,9
Boigie,32,10,99,76
Taddeusz,5,49,42,41
Horatio,36,55,24,38
Jens,49,26,1,75
Upton,55,86,48,2
Maryanna,60,46,1,81
Betty,10,36,59,89
Early,45,77,41,68
Barthel,97,84,99,16
Rhonda,50,50,29,69
Emmerich,51,76,46,44
Van,61,6,99,13
Meir,56,81,15,58
Marcelle,37,75,52,49
Loree,10,54,23,56
Pattin,90,92,87,76
Celinda,58,72,42,5
Ev,10,8,48,2
Cass,77,65,58,13
Cletus,94,55,55,71
Lyndsay,29,17,45,76
Axe,14,11,76,17
Oswald,60,94,45,37
Janene,26,35,46,15
Moise,35,26,67,13
Clemmy,3,57,61,88
Crin,21,30,98,15
Vittoria,64,73,78,59
Benjamin,59,31,48,58
Prudi,93,40,93,73
Sallie,22,89,17,26
Timmie,80,84,78,69
Rita,59,11,76,33
Theodora,72,50,98,7
Paolina,80,93,89,34
Bernarr,36,46,19,43
Judie,65,39,68,41
Arlen,7,81,40,38
Estelle,90,61,14,16
Loralee,82,98,54,12
Denice,86,96,87,17
Deloria,68,14,36,49
Ker,64,26,29,19
Gilberte,77,1,68,59
Francklin,17,25,69,76
Angeli,28,31,31,64
Alexei,94,35,55,53
Dori,75,47,68,67
Idell,62,84,8,45
Otha,88,80,45,19
Arlyne,47,96,76,99
Jenifer,66,97,57,43
Loria,11,91,11,66
Erich,82,72,72,71
Torin,26,18,59,49
Becca,30,19,91,3
Claire,51,74,77,74
Arch,12,84,21,75
Frans,75,63,67,68
Wyatt,72,95,100,61
Petronille,53,64,33,14
Donna,40,100,9,82
Nikola,27,97,36,7
Kayle,72,60,56,86
Sherwynd,38,10,16,74
Rafi,13,64,65,24
Sonnie,62,80,2,13
Amelie,58,52,92,5
Nels,24,30,82,61
Lynnet,13,40,14,92
Jarid,64,80,79,54
Juline,45,12,38,66
Gwennie,61,75,67,52
Grete,42,78,2,74
Forrest,14,3,29,24
Emlynne,10,30,80,37
Faustine,20,98,6,61
Ermanno,6,88,73,14
Shanna,81,93,54,76
Joyan,95,49,73,78
Harlene,27,15,85,41
Malena,46,70,22,17
Pall,90,86,99,35
Franny,40,70,45,17
Melinde,43,59,68,13
Trumaine,33,9,57,9
Marve,65,96,83,87
Edy,47,22,78,15
Charline,21,65,68,89
Frederich,11,53,32,45
Pen,22,65,85,61
Shae,13,70,75,8
Robert,61,70,1,12
Pearla,9,14,89,19
Allyce,65,53,17,75
Orsola,6,46,56,33
Kass,67,83,47,39
Heriberto,70,78,87,41
Jody,72,90,57,43
Annamaria,69,6,22,59
Christoph,11,26,37,78
Clarie,47,11,74,53
Nisse,7,8,20,41
Shaylynn,11,39,100,31
Lila,92,68,4,25
Robby,68,35,75,87
Leontyne,35,40,97,11
Evangelina,1,50,23,24
Debbie,84,59,88,63
Tamqrah,65,14,93,50
Elberta,67,22,47,53
Rosemary,29,80,83,58
Yetta,88,54,26,77
Sigrid,81,73,43,41
Stefania,47,28,94,25
Elston,93,43,98,10
Cal,77,41,80,61
Burnard,59,85,68,94
Constantino,69,54,62,100
Romy,13,10,88,49
Jerrie,45,27,100,94
Dredi,64,83,77,16
Fanny,12,75,46,92
Micky,46,99,90,18
Seymour,91,32,44,64
Renell,90,27,24,9
Ellswerth,32,16,46,91
Shurwood,59,60,44,63
Georgianna,56,10,69,35
Danita,28,80,24,11
Gaby,62,61,10,3
Enrico,12,45,50,56
Bern,8,72,8,56
Blaire,99,59,50,93
Jermaine,95,45,97,20
Hedwig,96,39,17,4
Angel,60,55,43,26
George,39,23,17,30
Perkin,36,29,30,58
Fraze,10,86,63,90
Zebadiah,4,21,16,38
Janessa,55,100,8,37
Tyson,65,89,91,8
Brenden,47,60,4,12
Karine,62,35,27,47
Erich,70,50,19,70
Gwenny,33,54,15,51
Susan,61,21,12,41
Tybi,9,45,44,15
Bev,69,67,56,21
Lara,5,5,83,30
Simonette,72,17,83,83
Goldia,3,23,63,93
Lisabeth,55,21,25,13
Jimmie,47,66,71,61
Filmer,39,49,74,12
Merlina,21,6,71,14
Margarethe,31,39,21,18
Rex,93,66,10,93
Kirbee,11,1,67,81
Adah,50,95,38,71
Danny,16,9,61,71
Astra,47,73,25,39
Webster,17,54,56,4
Marybelle,90,24,48,11
Francine,41,30,48,49
Vite,45,62,57,56
Jerry,42,100,27,90
Idaline,76,16,39,63
Skippy,4,97,94,49
Rozele,4,38,96,54
Kinnie,89,92,99,92
Bjorn,4,96,67,52
Martelle,73,24,30,27
Saw,5,25,97,10
Normand,33,83,52,81
Bevvy,52,54,100,95
Elwin,96,4,17,78
Vern,44,77,19,1
Kayla,25,30,28,86
Katine,83,10,69,4
Eleanor,90,62,94,51
Drake,41,35,61,28
Shellysheldon,6,55,16,83
Shelbi,24,58,18,98
Florian,44,33,59,90
Carolee,99,10,65,10
Mariann,62,61,60,78
Seline,8,82,68,89
Holt,83,77,6,8
Verine,29,92,13,74
Humberto,85,82,29,30
Gilbert,49,61,100,12
May,93,24,93,32
Kayne,16,39,38,83
Andrei,14,61,1,24
Willie,44,15,6,81
Lorie,36,33,67,3
Udall,23,8,70,74
Darbee,95,53,58,35
Zoe,30,67,46,36
Lovell,43,82,72,90
Ronnie,92,69,82,43
Batholomew,83,3,81,88
Merle,30,100,89,71
Curtice,92,95,97,78
Andi,31,33,92,52
Arvy,87,34,37,13
Lilas,66,9,62,8
Forrest,53,73,56,46
Abbie,10,60,44,80
Celie,37,48,5,32
Mercedes,12,75,42,85
Nikola,69,44,17,40
Leia,83,90,91,10
Kristian,1,97,55,54
Noami,11,80,24,58
Chrissy,48,12,62,11
Benito,3,58,95,91
Susann,44,55,18,67
Waly,78,77,82,49
Ric,23,38,90,37
Clive,27,18,4,57
Aldous,34,43,89,93
Stanly,81,56,5,40
Phedra,77,62,25,67
Eveline,58,11,47,15
Jacquelynn,39,37,6,4
Sibyl,43,71,12,11
Vina,31,17,40,83
Myrwyn,48,86,68,51
Nicky,85,92,3,24
Brewer,76,8,78,54
Fawne,55,15,36,46
Gerik,12,49,45,13
Randi,2,71,100,93
Sherie,94,66,58,76
Michelina,76,90,94,20
Antonietta,49,75,62,17
Orsa,71,83,95,10
Golda,20,51,80,86
Wade,34,25,46,77
Jobi,5,87,4,77
Mikkel,12,14,92,77
Carling,18,96,3,29
Rivkah,75,65,60,61
Benetta,33,95,30,37
Gabi,96,57,85,69
Alejoa,98,76,35,55
Aaren,65,48,78,90
Vincent,15,87,76,7
Kurt,43,91,53,88
Moina,72,24,83,43
Papageno,27,84,1,27
Rudie,64,68,52,54
Stormie,82,57,42,21
Nina,75,11,56,54
Carilyn,79,41,5,52
Brannon,28,37,69,90
Fanechka,16,75,59,14
Jazmin,91,43,37,37
Nicolette,28,24,21,30
Joye,40,53,70,8
Kendrick,16,18,91,25
Ardath,91,4,27,18
Janeta,72,16,4,32
Oliver,25,74,30,74
Gustaf,72,98,18,97
Harwilll,70,13,93,20
Hinze,79,2,3,94
Evin,84,16,10,74
Tobin,68,2,48,55
Jeffry,36,52,47,28
Ray,88,2,66,19
Anet,25,58,51,97
Joshua,74,97,32,60
Zondra,39,88,93,91
Emmalee,19,59,3,8
Marna,82,96,28,11
Milly,100,77,16,6
Theresa,84,77,97,9
Raleigh,65,81,66,21
Bonita,39,84,80,90
Daile,20,54,11,71
Levi,51,13,86,41
Carlina,79,73,78,1
Kikelia,25,77,65,16
Randi,90,98,13,37
Adel,81,3,94,72
Arte,11,48,79,80
Ralina,60,85,3,68
Beatrisa,61,66,60,22
Murvyn,87,50,88,67
Edlin,85,98,29,88
Betty,45,39,55,67
Rosalinda,33,48,41,83
Agnesse,59,63,66,27
Martyn,83,75,54,90
Mavra,17,83,7,5
Isacco,31,54,62,66
Denys,46,19,63,82
Pattin,48,52,93,8
Elizabeth,35,82,31,13
Rosemarie,16,41,19,36
Jobina,79,2,11,25
Dorotea,32,50,86,51
Ginelle,21,80,67,73
Gabie,22,95,78,97
Bendicty,52,69,4,80
Vera,35,57,61,78
Emlynne,57,89,43,43
Freddie,42,9,82,16
Garrot,32,76,32,70
Demetria,27,79,1,94
Hayley,11,61,8,23
Nichol,66,64,50,55
Michele,79,22,2,97
Devan,81,61,19,52
Foss,45,67,55,37
Mathew,28,88,48,18
Chloe,61,31,6,96
Allayne,67,34,24,31
Sophia,19,56,80,80
Kaila,31,83,36,49
Tootsie,38,72,90,17
Boris,51,45,14,90
Maggie,94,85,83,55
Beltran,62,98,78,6
Gerry,52,12,90,46
Cristian,51,64,69,97
Angy,52,63,44,77
Jade,65,24,48,3
Jeramie,10,92,14,38
Leigh,89,7,53,20
Denver,74,70,95,82
Freddy,61,84,32,7
Lucius,37,20,12,55
Kameko,57,72,88,21
Nikos,76,48,84,70
Jonas,49,63,21,12
Daphna,25,99,59,27
Imogene,2,94,96,13
Eli,61,67,7,60
Mortimer,2,58,67,49
Corette,12,86,43,81
Kerk,91,86,43,80
Carlye,12,4,89,94
Purcell,2,3,5,30
Annette,59,81,39,60
Barnebas,31,22,34,37
Borden,82,1,60,8
Hurlee,19,25,81,89
Dill,45,63,34,86
Merle,6,8,99,97
Ewan,59,56,81,68
Rosalinde,35,17,50,27
Noelyn,50,49,14,44
Bud,56,2,85,17
Oona,94,59,76,84
Daisey,90,11,4,44
Marve,76,91,18,46
Barbaraanne,7,24,1,72
Any,66,100,70,33
Otes,3,66,44,5
Dylan,50,21,81,74
Andras,31,81,26,58
Shandee,54,8,44,93
Nowell,97,38,36,48
Natalee,71,35,47,33
Vladimir,66,42,96,89
Harlin,55,79,65,71
Minny,70,12,36,80
Jim,19,28,37,43
Lyda,84,52,84,7
Barnie,47,3,55,88
Garwood,79,48,31,16
Bert,18,8,98,87
Alika,45,49,6,82
Minnaminnie,58,2,92,89
Edouard,47,33,98,24
Jacinta,59,18,25,49
Perceval,37,12,19,11
Filmore,62,63,54,6
Dore,1,70,41,47
Ericha,86,77,8,54
Rowan,70,9,27,86
Deva,20,93,96,88
Andre,70,100,74,80
Clyve,100,56,43,55
Barby,5,94,64,12
Lanni,79,92,55,39
Addia,46,72,48,90
Minette,30,86,61,51
Cynthie,21,41,27,9
Tony,29,95,4,71
Celestia,64,13,7,86
Cherie,14,2,15,34
Darice,60,13,43,91
Anthe,8,48,12,76
Jennine,83,20,71,84
Estelle,70,35,49,77
Gaspar,21,12,96,29
Ilyse,16,35,17,83
Laurel,82,57,79,90
Wilow,2,60,38,51
Doralia,33,73,37,82
Maryrose,23,87,38,45
Demeter,48,88,65,18
Arny,100,94,16,52
Clyve,70,97,67,8
Ellynn,87,18,28,86
Belia,44,21,59,68
Odetta,60,51,93,85
Rosene,3,39,45,92
Leonie,48,28,72,74
Trenton,78,75,69,48
Miranda,63,32,1,44
Brandi,22,8,23,58
Hanan,30,89,4,92
Inglebert,34,43,81,89
Carolyn,86,34,95,60
Rennie,23,20,39,59
Mohandis,9,73,93,77
Raven,94,8,73,9
Bessie,94,45,58,40
Christos,53,36,25,25
Scarface,86,40,25,91
Stinky,73,73,26,85
Marsh,27,68,93,25
Zuzana,37,92,9,8
Ruben,94,61,56,42
Arney,5,60,54,98
Matthus,49,87,25,45
Flori,5,86,74,56
Rhiamon,47,81,49,96
Myrvyn,16,80,18,74
Bryn,74,100,57,91
Cecile,46,15,70,67
Carlina,16,38,87,20
Clarette,97,61,22,55
Davita,2,66,49,68
Lorinda,42,24,25,68
Roosevelt,63,12,74,15
Ambros,29,39,32,5
Monika,27,95,29,89
Wilone,11,69,69,48
Karen,8,31,27,61
Tiphani,51,70,85,3
Meade,49,88,35,57
Shandie,55,38,30,37
Tony,46,26,77,16
Juan,92,7,70,29
Elmira,51,79,59,23
Arlinda,76,30,5,82
Maye,28,81,57,17
Murry,39,69,83,88
Lorain,56,43,65,36
Stephen,55,56,98,25
Nevins,61,35,85,59
Doralynn,19,1,95,39
Ferguson,27,88,85,93
Erinna,27,22,8,51
Travers,11,99,46,49
Giordano,38,53,79,85
Rosanna,7,41,36,97
Dwight,80,64,17,59
Coretta,91,77,99,43
Simmonds,2,96,59,55
Filmore,91,37,84,43
Jania,85,39,89,96
Shelagh,93,28,64,32
Laetitia,47,32,95,33
Adina,6,73,51,40
Meriel,65,38,33,46
Garvey,43,44,89,28
Marci,23,14,50,43
Leonhard,32,8,73,26
Vinny,2,3,75,75
Joanna,60,21,4,63
Val,69,27,92,82
Kristin,5,25,68,82
Odette,73,36,6,30
Antonina,37,68,91,26
Dorian,98,2,73,79
Faunie,45,17,47,47
Maggy,26,62,90,13
Hasty,90,84,97,62
Ashia,62,18,94,70
Cordula,99,2,76,93
Jobey,80,74,43,10
Florella,83,20,13,59
Corney,28,14,14,5
Bernice,63,36,42,8
Chantalle,98,29,15,31
Deedee,16,41,15,12
Carlynne,54,12,93,95
Roseann,7,86,12,39
Montague,1,95,64,16
Hube,58,71,34,57
Luisa,67,54,27,17
Merline,22,94,8,18
Benita,23,57,21,58
Winny,70,78,22,30
Fritz,23,64,45,24
Nikaniki,15,18,86,70
Carley,48,62,45,98
Corri,58,84,56,95
Ellerey,24,92,1,30
Willdon,2,13,36,72
Bird,83,14,83,91
Tamiko,71,65,13,34
Tito,86,35,87,64
Silvana,51,81,28,100
Loydie,66,60,40,91
Reinold,27,2,30,47
Rockey,98,94,96,24
Hyman,95,47,86,64
Alexis,29,98,95,61
Demetria,92,8,72,69
Camille,5,19,12,82
Justus,98,58,19,50
Duffy,19,55,7,90
Cornelle,93,67,5,3
Roselle,39,35,16,84
Magdalen,61,94,59,96
Ilsa,75,11,29,55
Warner,21,18,59,62
Nobe,21,95,5,98
Gail,100,80,21,21
Welby,19,76,29,8
Heida,83,76,71,14
Tadio,92,15,5,55
Suzette,27,11,95,33
Joye,94,95,82,65
Keefer,36,23,83,89
Nana,22,42,53,10
Neal,91,35,94,2
Shelley,65,80,9,63
Philip,82,27,53,63
Andee,38,40,74,37
Karita,1,65,32,32
Marsha,22,7,47,47
Cal,26,84,31,74
Gwynne,15,46,80,78
Samuele,3,14,48,78
Sharon,13,15,16,16
Petrina,78,75,47,17
Tanya,54,71,25,76
Trish,20,10,24,33
Vilhelmina,49,17,45,55
Lyndsey,72,60,88,15
Minor,29,80,44,20
Godard,54,84,7,93
Blayne,89,25,98,46
Loren,52,79,13,62
Herc,51,96,2,82
Jacquenetta,17,68,93,42
Scarlet,94,72,22,89
Dulsea,90,15,61,96
Joly,84,25,100,19
Noble,13,23,45,15
Hube,65,77,29,82
Aubrey,71,35,78,35
Jone,63,8,49,22
Chucho,100,95,68,56
Dalila,79,45,85,29
Garvin,2,95,33,47
Audra,67,97,54,12
Joyann,76,64,73,74
Ingamar,36,8,37,44
Sascha,27,74,4,56
Darill,60,40,72,27
Mirabel,81,74,34,33
Marquita,1,5,14,38
Amelie,25,96,66,100
Stanford,68,50,75,31
Benedicto,18,73,79,85
Marcela,61,15,99,12
Monah,31,90,23,18
Micky,27,97,4,83
Anders,75,58,25,86
Violet,5,43,14,84
Ranice,85,60,16,83
Johann,49,69,62,45
Trixy,89,75,58,27
Valera,3,17,26,32
Antons,85,97,87,15
Laura,60,38,24,78
Darcee,40,61,21,45
Justin,83,74,2,97
Monty,7,20,10,43
Jorie,12,2,57,53
Silvana,59,54,56,62
Kevin,13,75,69,75
Mile,70,61,23,8
Jennee,38,87,45,15
Virgil,86,64,42,38
Sigmund,98,19,25,95
Halimeda,7,30,85,69
Ertha,63,14,49,90
Pepi,81,55,29,63
Kile,23,42,30,20
Malina,79,89,66,84
Nathaniel,83,69,20,15
Ora,42,26,48,89
Kenneth,65,30,65,84
Farly,75,82,90,5
Bertrand,17,63,94,30
Adelaide,72,73,65,30
Katinka,52,9,61,85
Katya,47,33,41,54
Regan,26,54,23,50
Catharina,8,9,95,46
Barney,99,46,99,51
Vinnie,42,40,30,2
Olin,36,79,67,98
Veronika,96,84,48,83
Graehme,83,75,71,22
Celesta,26,47,60,8
Modestine,43,92,1,6
Josephine,25,58,4,21
Ardenia,83,90,59,4
Harriett,69,93,40,67
Tiffani,77,42,46,41
Jacquetta,18,20,38,64
Kelly,67,85,17,13
Collen,22,19,60,37
Joby,42,84,11,27
Gael,28,45,62,25
Danyette,64,92,74,78
Scarlet,7,26,61,79
Vickie,82,62,12,80
Fanya,46,72,93,93
Ailyn,16,9,49,85
Terrye,94,51,50,15
Rubi,24,38,6,51
Georgi,47,39,60,84
Burk,45,95,7,86
Eydie,47,39,75,67
Teddy,96,88,4,11
Evered,74,34,44,66
Kristo,34,66,48,24
Stefan,92,17,61,78
Clare,82,73,5,57
Eden,2,6,57,25
Luke,69,29,68,43
Berna,43,80,5,12
Kareem,74,66,14,87
Nicolina,64,1,62,24
Heidi,70,50,11,23
Krista,56,74,41,83
Rosemary,33,87,66,20
Hieronymus,38,39,72,46
Kitti,95,39,26,10
Ardisj,62,27,43,78
Stacia,95,100,91,3
Sollie,19,48,67,43
Adolphus,69,79,40,23
Nicholas,72,96,33,80
Dierdre,41,99,58,79
Tomasina,43,31,74,50
Evita,68,8,75,51
Veda,15,56,57,69
Nicolai,20,74,84,18
Valentine,30,81,67,45
Madelaine,70,20,5,93
Salaidh,33,7,15,100
Jacquenetta,33,77,78,55
Bernetta,43,84,36,35
Margaux,75,11,87,51
Sherman,66,20,60,2
Cal,1,49,24,91
Bendicty,41,69,55,39
Merrilee,15,29,98,97
Erik,50,86,64,95
Krisha,98,95,35,85
Risa,10,87,36,12
Chelsea,96,48,71,55
Nerissa,87,28,53,67
Julius,24,21,96,64
Velvet,75,95,94,77
Charlton,78,34,51,67
Alley,40,60,5,87
Susannah,24,72,26,87
Guillermo,31,2,83,6
Sydelle,34,76,41,92
Janice,25,5,53,96
Daffie,45,3,34,62
Russell,20,83,74,32
Wallis,34,59,94,52
Aubine,67,58,24,79
Barb,34,17,26,9
Kipper,35,23,36,77
Nichole,59,23,28,38
Karyn,23,73,39,9
Karlotta,80,99,48,58
Estrella,28,42,78,92
Creigh,25,31,56,69
Duky,98,72,22,22
Gannie,11,93,25,15
